Summons Number,Plate ID,Registration State,Plate Type,Issue Date,Violation Code,Vehicle Body Type,Vehicle Make,Issuing Agency,Street Code1,Street Code2,Street Code3,Vehicle Expiration Date,Violation Location,Violation Precinct,Issuer Precinct,Issuer Code,Issuer Command,Issuer Squad,Violation Time,Time First Observed,Violation County,Violation In Front Of Or Opposite,Number,Street,Intersecting Street,Date First Observed,Law Section,Sub Division,Violation Legal Code,Days Parking In Effect    ,From Hours In Effect,To Hours In Effect,Vehicle Color,Unregistered Vehicle?,Vehicle Year,Meter Number,Feet From Curb,Violation Post Code,Violation Description,No Standing or Stopping Violation,Hydrant Violation,Double Parking Violation,
7024281340,GCR1898,NY,PAS,11/25/2014,21,4DSD,VOLKS,T,27330,17520,12020,20141205,48,48,48,357708,T201,M,0851A,,BX,F,691,E 189th St,,0,408,d1,,Y  Y,0830A,1000A,GY,,1999,,0,K -,21-No Parking (street clean),,,,11/25/2016
7087191007,DMR5411,NY,PAS,12/9/2017,21,SUBN,VOLVO,T,10680,28230,73330,88888888,68,68,68,354086,T302,M,1006A,,K,O,132,82nd St,,0,408,d1,,Y,0930A,1100A,GREY,,2013,,0,E -,21-No Parking (street clean),,,,12/9/2013
1357158786,GFL1743,NY,PAS,7/24/2015,70,SDN,TOYOT,P,36490,13610,29690,20130719,30,30,162,952488,162,0,0155A,,NY,F,636,W 136 ST,,0,408,J3,,BBBBBBB,ALL,ALL,WHITE,0,2003,-,0,,,,,,7/24/2015
7828308980,57985JA,NY,COM,4/29/2015,47,UTIL,FRUEH,T,10210,17990,18010,20140831,17,17,17,358948,T102,C,0808A,,NY,F,820,3rd Ave,,0,408,l2,,Y,0700A,0700P,RD,,2002,,0,99 6,47-Double PKG-Midtown,,,,4/29/2016
5070649656,CKM7178,NY,PAS,9/13/2016,7,4DSD,TOYOT,V,0,0,0,0,,0,0,0,,,0304P,,,,,HORACE HARDING EXPWY,.(E/B)@159TH ST.-RL-,0,1111,D,T,,,,TN,,1996,,0,,FAILURE TO STOP AT RED LIGHT,,,,9/13/2013
7392777452,411145,RI,PAS,9/19/2018,37,SUBN,DODGE,T,52120,29220,27360,20130088,52,52,52,358572,T201,H,0415P,0308P,BX,F,2494,Morris Ave,,0,408,h1,,Y,0830A,0700P,GREY,,0,201-3040,0,27 -,37-Expired Muni Meter,,,,9/19/2015
7848112329,42438JM,NY,COM,2/7/2017,38,DELV,GMC,T,64790,17790,18040,88888888,103,103,103,358199,T402,B,0529P,,Q,O,88-32,Sutphin Blvd,,0,408,h1,,Y,0900A,0700P,BROWN,,1988,,0,02 -,38-Failure to Display Muni Rec,,,,2/7/2016
4002477113,FPB5955,NY,PAS,2/10/2019,5,PICK,FORD,V,0,0,0,0,,0,0,0,,,0219P,,,,,NB 1ST AVE @ E 23RD,ST,0,1111,C,T,,,,WH,,2004,,0,,BUS LANE VIOLATION,,,,2/10/2017
7291403935,63494MA,NY,COM,1/15/2015,82,UTIL,HONDA,T,10210,17530,17550,20151031,13,13,13,358881,T102,C,1145A,,NY,F,383,3rd Ave,,0,408,k1,,,,,WH,,2012,,0,99 -,82-Unaltered Commerc Vehicle,,,,1/15/2014
7052990647,22382ME,NY,COM,5/15/2020,69,VAN,FORD,T,18030,10410,25390,20160228,18,18,18,349904,T106,D,0911A,,NY,F,16,E 52nd St,,0,408,h1,,YYYYY,0700A,0600P,WH,,2014,,0,10 6,69-Failure to Disp Muni Recpt,,,,5/15/2015
7791554008,GMD7577,NY,PAS,4/5/2019,20,4DSD,HONDA,T,0,0,0,20151218,114,114,114,345381,T401,L,0611A,,Q,I,N,20th Ave,0ft E/of 21st St,0,408,d,,YYYYYYY,,,GY,,2010,,0,U 41,20A-No Parking (Non-COM),,,,4/5/2015
7743512484,GAB4446,NY,PAS,5/5/2017,14,SUBN,CHRYS,T,10015,0,0,20140823,1,1,1,352079,T105,M,0635A,,NY,I,N,1st Pl,105ft E/of Battery P,0,408,c,,YYYYYYY,,,MR,,2010,,0,J 99,14-No Standing,,,,5/5/2015
7814379763,XBFM77,NJ,PAS,6/20/2020,69,SUBN,HONDA,T,25390,18170,18190,88880088,19,19,19,358635,T103,P,0535P,,NY,F,650,Madison Ave,,0,408,h1,,Y,0700A,0700P,SILVE,,0,,0,09 7,69-Failure to Disp Muni Recpt,,,,6/20/2015
7537464224,X13EGP,NJ,PAS,6/25/2016,14,4DSD,HONDA,T,23230,83330,40330,88888888,90,90,90,361034,T301,P,0531P,,K,O,781,Broadway,,0,408,c,,Y,0400P,0700P,WHITE,,0,,0,15 3,14-No Standing,,,,6/25/2015
7298171318,ZFB6371,TN,PAS,3/18/2020,14,VAN,CHEVR,T,17970,10110,10010,20140088,17,17,17,340079,T503,A1,0735A,,NY,F,316,E 49th St,,0,408,c,,YYYYY,0700A,1000A,WHITE,,0,,0,17 7,14-No Standing,,,,3/18/2016
1361420777,FZJ1282,NY,PAS,3/1/2016,20,SDN,HYUND,P,67830,22530,22580,20150129,60,60,60,951063,60,0,0718A,,K,O,1123,OCEANVIEW AVE,,0,408,F7,,BBBBBBB,0:00,0:00,WHITE,0,2008,-,0,,,,,,3/1/2016
7099744010,FWG7913,NY,PAS,12/3/2018,37,2DSD,ME/BE,T,42490,8390,8640,20140101,114,114,114,358580,T401,J,0247P,0241P,Q,F,33-20,Ditmars Blvd,,0,408,h1,,Y,0800A,0700P,BK,,2012,418-1679,0,34-P,37-Expired Muni Meter,,,,12/3/2013
1360041308,EMPRESJ,NY,PAS,10/5/2013,71,SUBN,FORD,P,94930,70930,18830,20150713,75,75,165,953302,165,0,0208A,,K,F,291,WYONA STREET,,0,408,E2,,BBBBBBB,ALL,ALL,BLUE,0,2004,-,0,,,,,,10/5/2016
7024291692,PSC4310,GA,PAS,1/21/2015,40,4DSD,CADIL,T,76850,36320,38420,20140288,46,46,46,357708,T201,M,0641A,,BX,F,125,W Tremont Ave,,0,408,e2,,YYYYYYY,,,WHITE,,0,,2,D -,40-Fire Hydrant,,,,1/21/2016
7742360913,B63APJ,NJ,PAS,6/25/2014,20,SUBN,ME/BE,T,25990,45090,13310,88888888,6,6,6,358925,T105,D,0528P,,NY,F,190,Mercer St,,0,408,d,,YYYYY,0800A,0600P,BLUE,,0,,0,99,20A-No Parking (Non-COM),,,,6/25/2014
7979889423,GGV9233,NY,PAS,4/12/2019,38,4DSD,ME/BE,T,35230,14510,15710,20150725,20,20,20,357097,T103,J,0302P,,NY,F,61,W 73rd St,,0,408,h1,,Y,0900A,0700P,GY,,2005,,0,28 7,38-Failure to Display Muni Rec,,,,4/12/2017
7656348827,39255MB,NY,COM,4/25/2018,21,UTIL,FORD,T,61090,65490,36590,88888888,109,109,109,356979,T401,B,0845A,,Q,F,142-10A,Roosevelt Ave,,0,408,d1,,Y,0830A,0900A,WHITE,,2008,,0,50-A,21-No Parking (street clean),,,,4/25/2016
7973090540,AF73048,PA,PAS,7/30/2018,84,DELV,MACK,T,11710,36990,31190,20130088,33,33,33,356184,T103,F,0643P,,NY,F,2040,Amsterdam Ave,,0,408,k7,,,,,WHITE,,0,,0,CC1,84-Platform lifts in low posit,,,,7/30/2016
7508660511,FMA3467,NY,PAS,4/24/2018,38,SUBN,CHEVR,T,36420,26160,26190,20150601,40,40,40,359583,T201,G,0609P,,BX,F,598,Grand Concourse,,0,408,h1,,Y,0830A,0700P,TN,,2001,,0,45 2,38-Failure to Display Muni Rec,,,,4/24/2014
1362567115,DFG5064,NY,PAS,3/1/2018,67,SUBN,HYUND,P,21820,29120,27060,20150329,46,46,163,955129,163,0,0628P,,BX,F,2087,CRESTON AVE,,0,408,F2,,BBBBBBB,0:00,0:00,BLACK,0,2012,-,0,,,,,,3/1/2017
7699588393,N47AMP,NJ,PAS,8/11/2017,40,4DSD,TOYOT,T,6380,8780,8830,88888888,70,70,70,358154,T302,P,1248P,,K,O,4413,13th Ave,,0,408,e2,,YYYYYYY,,,BLUE,,0,,5,01 -,40-Fire Hydrant,,,,8/11/2013
7985570056,GFC8158,NY,PAS,5/23/2018,21,SUBN,ROVER,T,21790,24790,26690,20150409,6,6,6,358938,T101,C,1159A,,NY,F,627,Greenwich St,,0,408,d1,,Y  Y,1100A,1230A,BK,,1998,,0,27 1,21-No Parking (street clean),,,,5/23/2016
7963445629,ELD3462,NY,PAS,9/27/2016,40,SUBN,JEEP,T,24890,18890,18910,20150423,19,19,19,355217,T103,J,0415P,,NY,F,1501,Lexington Ave,,0,408,e2,,YYYYYYY,,,WH,,2004,,7,59 -,40-Fire Hydrant,,,,9/27/2013
1353489693,GJR9784,99,PAS,8/12/2016,71,SUBN,HONDA,T,0,40404,40404,20150731,120,120,303,353427,T303,0,0705A,,R,F,157,DANIELLON TERR.,,0,408,D,,BBBBBBB,ALL,ALL,BLUE,0,1999,-,0,,,,,,8/12/2014
7451157120,79965MB,NY,COM,6/19/2020,85,REFG,UD,T,10890,6740,7040,20141231,108,108,108,358123,T803,B,0311A,1039P,Q,F,21-21,51st Ave,,20140618,408,k5,,,,,OR,,2012,,0,H 42,85-Storage-3 hour Commercial,,,,6/19/2017
7359993635,90592MA,NY,COM,6/5/2019,16,VAN,FRUEH,T,10210,18670,18690,20150731,19,19,19,343930,T103,CC,0101P,1156A,NY,F,1493,3rd Ave,,0,408,k2,,YYYYY,0900A,0700P,WH,,2010,,0,05 7,16-No Std (Com Veh) Com Plate,,,,6/5/2017
5073160800,EYL4522,PA,PAS,3/29/2020,7,SW,DODGE,V,0,0,0,0,,0,0,0,,,1225P,,,,,PENNSYLVANIA AVE.(N/,B)@LINDEN BLVD.-LU-3,0,1111,D,T,,,,,,1999,,0,,FAILURE TO STOP AT RED LIGHT,,,,3/29/2014
1367069350,GFP1460,NY,PAS,3/1/2018,46,SUBN,CHRYS,P,31840,51750,40200,20150422,121,121,121,951326,121,0,1148P,,R,F,130,HARRISON AVE,,0,408,E2,,BBBBBBB,0:00,0:00,WH,0,2009,-,0,,,,,,3/1/2016
7880710826,89745JV,NY,COM,10/4/2017,69,VAN,DODGE,T,17870,0,0,88888888,18,18,18,353094,T102,C,0944A,,NY,I,S,E 44th St,45ft W/of 5th Ave,0,408,h1,,YYYYY,0700A,0600P,WHITE,,0,,0,MC -,69-Failure to Disp Muni Recpt,,,,10/4/2016
7088884616,291499N,NJ,PAS,2/2/2015,19,SUBN,FORD,T,42630,0,0,88888888,68,68,68,345449,T302,M,0820A,,K,I,E,Fort Hamilton Pky,15ft N/of 95th St,0,408,c3,,YYYYYYY,,,BLACK,,0,,0,A -,19-No Stand (bus stop),,,,2/2/2015
7205578190,GGL3099,NY,PAS,8/8/2016,38,SUBN,CHRYS,T,6880,8880,8930,20150505,66,66,66,358177,T302,O,0249P,,K,F,4618,18th Ave,,0,408,h1,,YYYYY,0830A,0700P,BL,,2013,,0,09 -,38-Failure to Display Muni Rec,,,,8/8/2015
7145109657,PFR23D,NJ,PAS,6/2/2018,21,2DSD,ACURA,T,66630,18630,34130,88888888,94,94,94,358885,T301,D,0825A,,K,O,190,N 10th St,,0,408,d1,,Y  Y,0800A,0930A,SILVE,,0,,0,17 3,21-No Parking (street clean),,,,6/2/2015
7334755017,6A29H,NY,OMT,3/12/2016,13,TAXI,FORD,T,18710,27790,24890,20150228,19,19,19,353475,T103,X,1241P,,NY,F,128,E 86th St,,0,408,c2,,YYYYYYY,,,YW,,2009,,0,01 7,13-No Stand (taxi stand),,,,3/12/2015
5069747265,FWJ6506,NY,PAS,7/24/2016,7,4DSD,VOLKS,V,0,0,0,0,,0,0,0,,,0630P,,,,,ATLANTIC AVE.(E/B)@P,ENNSLYVANIA AVE.-KS-,0,1111,D,T,,,,GY,,2012,,0,,FAILURE TO STOP AT RED LIGHT,,,,7/24/2015
7314396840,T628568C,NY,OMT,9/1/2015,71,4DSD,LINCO,T,19190,0,0,20131130,23,23,23,356214,T103,O,0717A,,NY,I,N,E 111th St,80ft W/of F D R Dr,0,408,j6,,YYYYYYY,,,GR,,2005,,0,01 -,71A-Insp Sticker Expired (NYS),,,,9/1/2016
7808624159,CFR1903,NY,PAS,6/14/2019,71,4DSD,CHEVR,T,5780,5530,5630,20141123,78,78,78,357789,T302,P,0439P,,K,F,238,7th Ave,,0,408,j6,,YYYYYYY,,,GY,,2001,,0,56 3,71A-Insp Sticker Expired (NYS),,,,6/14/2016
7925371808,P755612,IL,PAS,6/16/2014,19,BUS,VAN H,T,11110,0,0,88880088,10,10,10,351277,T502,J,0614A,,NY,I,W,11th Ave,20ft S/of W 34th St,0,408,c3,,YYYYYYY,,,BLUE,,0,,0,A 17,19-No Stand (bus stop),,,,6/16/2015
7909502503,024P52,MD,PAS,9/20/2014,14,BUS,FORD,T,10110,17950,17970,88880088,17,17,17,333733,T106,J,0208P,,NY,F,909,2nd Ave,,0,408,c,,YYYYYYY,0200P,0700P,WHITE,,0,,0,111,14-No Standing,,,,9/20/2014
7819143678,OL9693F,NJ,PAS,12/28/2018,31,SUBN,GMC,T,34710,13610,10810,88888888,18,18,18,355438,T106,M,1210P,,NY,F,270,W 47th St,,0,408,l3,,Y,0700A,1000P,BLACK,,0,,0,99 -,31-No Stand (Com. Mtr. Zone),,,,12/28/2014
7765788929,56558JX,NY,COM,3/14/2020,14,VAN,FORD,T,55590,51090,28265,20140331,103,103,103,353158,T402,C,0407P,,Q,O,92-26,Merrick Blvd,,0,408,c,,YYYYY,0400A,0600P,WH,,2008,,0,14 4,14-No Standing,,,,3/14/2017
7095736406,CBZJ26,FL,PAS,5/21/2018,21,4DSD,ME/BE,T,65220,54220,10620,20140088,47,47,47,359629,T202,D,1159A,,BX,F,794,S Oak Dr,,0,408,d1,,Y,1130A,0100P,SILVE,,0,,0,15A,21-No Parking (street clean),,,,5/21/2017
5080134458,GGH5843,NY,PAS,4/9/2020,7,SUBN,FORD,V,0,0,0,0,,0,0,0,,,0933A,,,,,EB ASTORIA BLVD S @,77TH ST,0,1111,D,T,,,,GY,,2002,,0,,FAILURE TO STOP AT RED LIGHT,,,,4/9/2015
1355641159,GAC6743,NY,PAS,7/8/2013,71,SDN,HONDA,P,29890,27190,31890,20140625,7,7,7,950623,7,0,0110A,,NY,F,137,RIVINGTON ST,,0,408,D,,BBBBBBB,ALL,ALL,WHITE,0,2010,-,0,,,,,,7/8/2014
7906737210,42848JL,NY,COM,10/25/2018,42,VAN,FORD,T,27800,17350,17370,88888888,13,13,13,355642,T102,M,0306P,,NY,O,222,Park Ave South,,0,408,h1,,YYYYY,0700A,0700P,WHITE,,1987,145-7535,0,03 -,42-Exp. Muni-Mtr (Com. Mtr. Z),,,,10/25/2013
7620453568,EBN3328,NY,PAS,12/13/2013,14,CONV,MAZDA,T,48830,0,0,20150729,84,84,84,330640,T730,C,0928A,,K,I,W,Henry St,30ft N/of Remsen St,0,408,c,,YYYYYYY,,,BL,,1993,,0,01 -,14-No Standing,,,,12/13/2013
7615813256,END3845,NY,PAS,4/5/2014,71,4DSD,NISSA,T,7990,10940,11390,20131118,114,114,114,357348,T401,O,0643A,,Q,F,51-02,31st Ave,,0,408,j6,,YYYYYYY,,,GREEN,,2004,,0,L 41,71A-Insp Sticker Expired (NYS),,,,4/5/2016
5080391145,GLP9824,NY,PAS,5/6/2019,7,4DSD,NISSA,V,0,0,0,0,,0,0,0,,,0709A,,,,,ARTHUR KILL RD (E/B),#NAME?,0,1111,D,T,,,,RD,,2014,,0,,FAILURE TO STOP AT RED LIGHT,,,,5/6/2014
7537419723,62546JM,NY,COM,8/19/2014,14,DELV,INTER,T,42730,54650,21130,88888888,84,84,84,356566,T301,G,1138A,,K,O,491,Fulton St,,0,408,c,,YYYYYYY,,,BROWN,,1997,,0,03 -,14-No Standing,,,,8/19/2014
7610912300,26686MA,NY,COM,1/18/2014,16,REFG,ISUZU,T,34090,10910,10065,20141031,10,10,10,355073,T102,A,0640A,0551A,NY,F,422,W 16th St,,20140118,408,k2,,YYYYYYY,,,WHITE,,2010,,0,A -,16-No Std (Com Veh) Com Plate,,,,1/18/2017
1106737260,CCV3237,NY,PAS,12/21/2014,20,SUBN,CHEVR,P,10810,36870,22450,20150203,32,32,0,940982,PSA6,0,0250A,,NY,F,2931,8TH AVENUE,,0,408,C4,,BBBBBBB,ALL,ALL,WHITE,0,0,-,0,,,,,,12/21/2014
1359282180,EWU9673,NY,PAS,9/9/2017,21,SUBN,FORD,X,17380,6680,6780,20140304,62,62,0,920502,KS11,0,1212P,,K,F,1659,BAY RIDGE AVE,,0,408,D1,,YBBBBBB,1130A,0100P,BLACK,0,0,-,0,,,,,,9/9/2016
1342283247,FRY8801,NY,PAS,10/28/2013,21,VAN,DODGE,S,56490,48495,67290,20140930,104,104,0,515350,QW05,0,0736A,,Q,F,57-03,MYRTLE AVE,,0,408,D1,,YYYYYYB,0730A,0800A,BLACK,0,2014,-,0,,,,,,10/28/2015
1357806668,REVAGEE,NY,PAS,10/2/2019,19,SDN,ME/BE,X,68020,29220,0,0,48,48,48,907717,48,0,0741P,,BX,O,,3RD AVE,E FORDHAM RD,0,408,C3,,BBBBBBB,ALL,ALL,GD,0,0,-,0,,,,,,10/2/2013
1355314021,GAR6996,NY,PAS,9/4/2019,20,SUBN,LINCO,P,39610,30340,30340,20141017,101,101,101,933388,101,0,1028P,,Q,F,2205,COLLIER AVE,,0,408,J3,,BBBBBBB,ALL,ALL,GY,0,2002,-,0,,,,,,9/4/2016
7858294532,91720JG,NY,COM,3/25/2020,47,DELV,INTER,T,17550,26800,10010,20141130,14,14,14,359618,T102,K,0358P,,NY,F,397,E 28th St,,0,408,l2,,YYYYYYY,,,WHITE,,2004,,0,29 6,47-Double PKG-Midtown,,,,3/25/2016
7320299914,FWH5108,NY,PAS,8/13/2013,38,SUBN,JEEP,T,45590,18610,18630,20140224,19,19,19,355607,T103,K,0110P,,NY,O,1550,York Ave,,0,408,h1,,Y,0830A,0700P,BK,,2012,,0,C -,38-Failure to Display Muni Rec,,,,8/13/2014
7185900864,GMF2229,NY,PAS,2/27/2015,21,SUBN,AUDI,T,49420,27180,27270,20160113,46,46,46,358858,T201,D,0807A,,BX,F,2375,Marion Ave,,0,408,d1,,Y  Y,0800A,0930A,GY,,2007,,0,03 2,21-No Parking (street clean),,,,2/27/2016
7580632573,N25DLX,NJ,PAS,3/25/2018,20,4DSD,DODGE,T,45290,0,0,88888888,1,1,1,351929,T105,C,0251P,,NY,I,N,White St,10ft E/of Broadway,0,408,d,,YYYYY,0800A,0600P,RED,,0,,0,81,20A-No Parking (Non-COM),,,,3/25/2015
1367884469,FDW4320,NY,PAS,4/3/2018,21,SUBN,TOYOT,S,9130,5880,5980,20141013,66,66,0,510935,BX12,0,0925A,,NY,F,832,51 ST,,0,408,D1,,BBBYBBB,0830A,1000A,SILVE,0,2002,-,0,,,,,,4/3/2014
5071149370,FWE6828,NY,PAS,10/12/2017,7,,FORD,V,0,0,0,0,,0,0,0,,,0619P,,,,,NORTHERN BLVD.  (E/B,) @ 114TH ST.-Q6-3,0,1111,D,T,,,,RD,,1996,,0,,FAILURE TO STOP AT RED LIGHT,,,,10/12/2015
7557128126,FPK6160,NY,PAS,1/9/2017,14,4DSD,HONDA,T,41130,0,0,20150609,88,88,88,358649,T301,H,1258P,,K,I,E,Fleet Pl,40ft N/of Willoughby,0,408,c,,YYYYYYY,,,BL,,2008,,0,06 -,14-No Standing,,,,1/9/2014
7088959975,V91BSA,NJ,PAS,8/5/2016,40,SUBN,ROVER,T,5580,11030,11080,88888888,68,68,68,355553,T302,H,0549P,,K,F,8918,5th Ave,,0,408,e2,,YYYYYYY,,,BLACK,,0,,4,E -,40-Fire Hydrant,,,,8/5/2016
7729598553,62607JM,NY,COM,10/1/2017,38,DELV,INTER,T,63030,46630,74530,88888888,88,88,88,357357,T301,S,0503P,,K,F,487,Myrtle Ave,,0,408,h1,,Y,0830A,0700P,BROWN,,1995,,0,06 -,38-Failure to Display Muni Rec,,,,10/1/2013
7250766788,GCL1200,NY,PAS,11/6/2016,71,SUBN,GMC,T,54050,54049,90530,20141030,62,62,62,358628,T302,E,1010A,,K,F,425,Kings Hwy,,0,408,j6,,YYYYYYY,,,GY,,2012,,0,03 -,71A-Insp Sticker Expired (NYS),,,,11/6/2013
7655954562,41994JZ,NY,COM,10/29/2014,21,VAN,CHEVR,T,21740,49690,51090,88888888,102,102,102,358871,T402,G,1206P,,Q,O,86-48,127th St,,0,408,d1,,Y,1200A,0130P,WHITE,,2009,,0,22 -,21-No Parking (street clean),,,,10/29/2016
7638677171,FWE9501,NY,PAS,10/15/2015,37,SUBN,CHEVR,T,24090,0,0,20140105,103,103,103,331801,T402,H,1203P,1018A,Q,I,N,161st St,80ft E/of 89th Ave,0,408,h1,,Y,0900A,0700P,GY,,2001,408-1948,0,12 -,37-Expired Muni Meter,,,,10/15/2013
7787146059,16245TC,NY,TRC,3/7/2017,40,TRAC,PETER,T,0,0,0,20140531,104,104,104,357710,T401,A,0855A,,Q,I,N,Fresh Pond Rd,0ft E/of Linden St,0,408,e2,,YYYYYYY,,,WH,,2014,,0,62-A,40-Fire Hydrant,,,,3/7/2017
7644336278,4705DLL,NJ,PAS,9/17/2015,38,4DSD,CADIL,T,9540,40404,40404,88888888,111,111,111,358867,T401,J,0300P,,Q,O,40-21,41st Ave,,0,408,h1,,YYYYYYY,,,BLACK,,0,,0,44 -,38-Failure to Display Muni Rec,,,,9/17/2013
7092483530,EBV6186,NY,PAS,11/16/2017,38,SUBN,HONDA,T,9540,26490,35690,20150719,111,111,111,357331,T401,R,0146P,,Q,F,213-15,41st Ave,,0,408,h1,,Y,0900A,0700P,GY,,2010,,0,43 -,38-Failure to Display Muni Rec,,,,11/16/2014
5070656958,FAV6113,NY,PAS,9/13/2015,7,SUBN,LINCO,V,0,0,0,0,,0,0,0,,,1017P,,,,,ATLANTIC AVE.(W/B)@K,INGSTON AVE.-LE-3,0,1111,D,T,,,,BK,,2006,,0,,FAILURE TO STOP AT RED LIGHT,,,,9/13/2015
7822557634,39139ME,NY,COM,6/6/2020,18,VAN,FORD,T,10110,18010,18030,20151130,17,17,17,346204,T502,J,0714A,,NY,F,973,2nd Ave,,0,408,f4,,YYYYY,0700A,1000A,WH,,2008,,0,F 17,18-No Stand (bus lane),,,,6/6/2016
7662117870,XM1572,NY,COM,9/26/2013,16,VAN,FORD,T,34990,13610,15710,20150531,20,20,20,355209,T103,F,0955A,0921A,NY,F,16,W 61st St,,0,408,k2,,YYYYY,0800A,0600P,RED,,2001,,0,41 -,16-No Std (Com Veh) Com Plate,,,,9/26/2015
7826357160,42730JZ,NY,COM,6/19/2020,17,VAN,UTIL,T,17750,10410,25390,88888888,14,14,14,358653,T106,M,1113A,,NY,O,7,E 38th St,,0,408,c4,,YYYYYYY,,,WHITE,,2009,,0,62 6,17-No Stand (exc auth veh),,,,6/19/2015
7658052607,BMA9633,NY,PAS,8/15/2015,37,SUBN,FORD,T,15710,35090,35110,20140615,24,24,24,358659,T103,R,0313P,0305P,NY,F,147,Columbus Ave,,0,408,h1,,Y,0730A,0700A,BLACK,,1999,103-4504,0,25 -,37-Expired Muni Meter,,,,8/15/2014
7540591626,FPF9634,NY,PAS,1/27/2020,37,4DSD,NISSA,T,58330,60430,24330,20150814,94,94,94,358930,T301,P,0311P,0301P,K,O,795,Manhattan Ave,,0,408,h1,,Y,0800A,0700P,SILVE,,2012,322-3020,0,17 -,37-Expired Muni Meter,,,,1/27/2015
7340310356,22409MB,NY,COM,8/16/2013,37,VAN,FORD,T,10210,18730,18750,20130930,19,19,19,355325,T103,F,0109P,1246P,NY,F,1550,3rd Ave,,0,408,h1,,Y,0800A,0700P,WH,,2010,120-8029,0,21 -,37-Expired Muni Meter,,,,8/16/2014
7886138569,BDK4468,NY,PAS,9/24/2014,14,2DSD,CHEVR,T,20490,0,0,20131030,17,17,17,343455,T501,C,0851A,,NY,I,W,F D R Dr,150ft N/of E 30th St,0,408,c,,YYYYYYY,,,WHITE,,2004,,0,01 -,14-No Standing,,,,9/24/2013
7090596760,GCF3852,NY,PAS,9/13/2014,21,SUBN,NISSA,T,36390,12790,12990,20140928,112,112,112,357676,T401,K,0840A,,Q,F,62-72,Booth St,,0,408,d1,,Y,0830A,1000A,BK,,2012,,0,53-A,21-No Parking (street clean),,,,9/13/2015
7573130491,EVD2782,NY,PAS,8/7/2017,38,SUBN,HONDA,T,76950,79050,39620,20131202,43,43,43,352049,T202,D,0606P,,BX,F,2409,Westchester Ave,,0,408,h1,,Y,0800A,0700P,GY,,2002,,0,03P,38-Failure to Display Muni Rec,,,,8/7/2016
1364232730,GKJ3419,NY,PAS,5/9/2018,21,SUBN,NISSA,P,54110,79530,67030,20151011,79,79,79,938602,79,0,1159A,,K,F,70,KOSCIUSZKO ST,,0,408,F2,,BYBBYBB,1100A,1230P,WHITE,0,2002,-,0,,,,,,5/9/2016
7606480655,P325TQ,FL,PAS,3/15/2019,19,SUBN,FORD,T,70220,74400,74450,20140088,44,44,44,341160,T720,X,0740A,,BX,F,1571,Undercliff Ave,,0,408,c3,,YYYYYYY,,,BROWN,,0,,0,B 62,19-No Stand (bus stop),,,,3/15/2014
1370433360,P0595L,FL,PAS,6/6/2017,21,SDN,FORD,S,18320,26910,26940,0,46,46,0,956189,BL05,0,0849A,,BX,O,1809,CARTER AVE,,0,408,D1,,BYBBYBB,0830A,1000A,SILVE,0,0,-,0,,,,,,6/6/2015
7700728010,GDX5343,NY,PAS,8/29/2015,21,SUBN,MITSU,T,5230,5680,5780,20150224,78,78,78,358211,T302,B,1136A,,K,F,500,2nd St,,0,408,d1,,Y,1130A,0100P,WH,,2006,,0,60 -,21-No Parking (street clean),,,,8/29/2015
1361866366,FHN6768,NY,PAS,1/3/2019,9,SUBN,HONDA,S,67530,14130,14180,20150111,70,70,0,501625,KS14,0,0230P,,K,F,1641,OCEAN AVENUE,,0,408,E1,,BBBBBBB,ALL,ALL,BLUE,0,2010,-,0,,,,,,1/3/2017
7618396322,GLH3304,NY,PAS,1/16/2020,50,SUBN,NISSA,T,0,0,0,20151130,112,112,112,355544,T401,M,0639A,,Q,I,W,64th Rd,0ft N/of 99th St,0,408,e5,,,,,GY,,2007,,0,B-AM,50-Crosswalk,,,,1/16/2014
7942282454,812XFD,FL,PAS,12/31/2015,20,SUBN,BMW,T,25090,29890,31490,20140688,7,7,7,355562,T101,F,0319P,,NY,F,150,Ludlow St,,0,408,d,,YYYYYYY,,,BLACK,,0,,0,61 -,20A-No Parking (Non-COM),,,,12/31/2014
7565389316,BXK4134,NY,PAS,12/9/2017,38,SUBN,JEEP,T,9730,6880,6980,20150116,62,62,62,358670,T302,G,0128P,,K,F,1804,63rd St,,0,408,h1,,Y,0900A,0700P,GY,,1999,,0,40 -,38-Failure to Display Muni Rec,,,,12/9/2016
7073398759,UUY72D,NJ,PAS,4/12/2018,40,4DSD,NISSA,T,13340,15590,39690,88888888,104,104,104,355054,T402,L,0230A,,Q,F,7421,64th Ln,,0,408,e2,,YYYYYYY,,,BLUE,,0,,7,I 42,40-Fire Hydrant,,,,4/12/2014
7099736784,23138JV,NY,COM,10/24/2013,61,VAN,FORD,T,26740,10690,10790,20131231,111,111,111,331844,T401,H,0224P,,Q,O,49-18,217th St,,0,408,m1,,,,,YELLO,,2005,,0,44-P,61-Wrong Way,,,,10/24/2016
7086101357,GGH3351,NY,PAS,4/30/2020,50,4DSD,TOYOT,T,0,0,0,20150502,1,1,1,356964,T105,N,0114P,,NY,I,N,Watts St,0ft W/of Greenwich S,0,408,e5,,,,,GR,,2001,,0,Y 99,50-Crosswalk,,,,4/30/2017
7990995840,FMW3191,NY,PAS,1/29/2017,16,4DSD,CHEVR,T,44890,32580,45490,20150630,1,1,1,346183,T105,H,0142P,,NY,F,151,W Broadway,,0,408,k2,,Y,0700A,0700P,BLUE,,2011,,0,15,16A-No Std (Com Veh) Non-COM,,,,1/29/2016
7092379829,FXK1482,NY,PAS,3/10/2015,71,4DSD,HYUND,T,22740,11640,36400,20141030,109,109,109,342990,T401,H,0226P,,Q,O,56-39,141st St,,0,408,j6,,YYYYYYY,,,GY,,2013,,0,48-P,71A-Insp Sticker Expired (NYS),,,,3/10/2017
7079746401,GEG1813,NY,PAS,3/6/2017,71,SUBN,CHEVR,T,18140,21890,22040,20150220,102,102,102,345435,T402,P,0201P,,Q,O,13011,90th Ave,,0,408,j6,,YYYYYYY,,,BK,,2012,,0,G 42,71A-Insp Sticker Expired (NYS),,,,3/6/2015
7980487497,END7103,NY,PAS,10/8/2016,37,4DSD,TOYOT,T,22740,11640,36400,20141216,109,109,109,353031,T803,A,0813P,1200P,Q,O,5641,141st St,,0,408,h1,,Y,0800A,1000P,TN,,2001,451-5015,0,D -,37-Expired Muni Meter,,,,10/8/2013
7143563560,EVB3686,NY,PAS,12/9/2013,70,4DSD,VOLKS,T,59990,13240,13440,20131129,112,112,112,357096,T401,A,1131A,,Q,F,96-54,Queens Blvd,,0,408,j3,,YYYYYYY,,,WH,,2013,,0,53-A,70A-Reg. Sticker Expired (NYS),,,,12/9/2013
